timestep,price,restoration,tpg,holiday,competitorprice
2016-08-03 00:00:00,108.9,0,99.7,0,109.9
2016-08-04 00:00:00,105.9,0,99.2,0,106.9
2016-08-05 00:00:00,105.9,0,98.6,0,105.9
2016-08-06 00:00:00,105.9,0,98.6,0,105.9
2016-08-07 00:00:00,104.5,0,98.6,0,105.9
2016-08-08 00:00:00,104.5,0,98.3,0,104.5
2016-08-09 00:00:00,104.4,0,98.4,0,104.5
2016-08-10 00:00:00,104.4,0,98.7,0,104.5
2016-08-11 00:00:00,104.4,0,99,0,104.5
2016-08-12 00:00:00,101.9,0,99.5,0,104.5
2016-08-13 00:00:00,101.9,0,99.5,0,101.9
2016-08-14 00:00:00,101.9,0,99.5,0,101.9
2016-08-15 00:00:00,99.9,0,99.6,0,99.9
2016-08-16 00:00:00,99.9,0,99.7,0,99.9
2016-08-17 00:00:00,97.4,0,100.3,0,97.4
2016-08-18 00:00:00,96.4,0,101.5,0,95.9
2016-08-19 00:00:00,127.4,1,102,0,127.9
2016-08-20 00:00:00,127.4,1,102,0,127.4
2016-08-21 00:00:00,127.4,1,102,0,127.4
2016-08-22 00:00:00,126.9,0,103.2,0,127.4
2016-08-23 00:00:00,126.9,0,104.1,0,127.4
2016-08-24 00:00:00,126.9,0,105,0,126.9
2016-08-25 00:00:00,124.7,0,105.5,0,124.9
2016-08-26 00:00:00,121.7,0,105.9,0,122.9
2016-08-27 00:00:00,121.7,0,105.9,0,121.9
2016-08-28 00:00:00,120.7,0,105.9,0,121.9
2016-08-29 00:00:00,118.7,0,106.1,0,121.9
2016-08-30 00:00:00,117.7,0,106.2,0,121.9
2016-08-31 00:00:00,116.7,0,106.6,0,117.9
2016-09-01 00:00:00,116.7,0,107.1,0,117.9
2016-09-02 00:00:00,106.9,0,107.4,0,109.9
2016-09-03 00:00:00,106.3,0,107.4,0,106.9
2016-09-04 00:00:00,106.3,0,107.4,0,106.9
2016-09-05 00:00:00,105.9,0,107.4,0,105.9
2016-09-06 00:00:00,105.7,0,107.5,0,105.9
2016-09-07 00:00:00,104.9,0,107,0,105.9
2016-09-08 00:00:00,129.9,1,106.6,0,104.9
2016-09-09 00:00:00,129.9,1,105.9,0,129.9
2016-09-10 00:00:00,128.3,0,105.9,0,129.4
2016-09-11 00:00:00,128.3,0,105.9,0,129.4
2016-09-12 00:00:00,127.3,0,106,0,128.9
2016-09-13 00:00:00,127.3,0,106.3,0,128.9
2016-09-14 00:00:00,126.9,0,106.9,0,127.9
2016-09-15 00:00:00,119.9,0,107.6,0,122.9
2016-09-16 00:00:00,117.9,0,108.1,0,120.9
2016-09-17 00:00:00,117.3,0,108.1,0,118.4
2016-09-18 00:00:00,116.9,0,108.1,0,118.4
2016-09-19 00:00:00,115.3,0,108.2,0,115.9
2016-09-20 00:00:00,109.4,0,108.2,0,114.9
2016-09-21 00:00:00,109.3,0,107.7,0,109.9
2016-09-22 00:00:00,108.3,0,107.7,0,108.9
2016-09-23 00:00:00,107.7,0,107.4,0,131.9
2016-09-24 00:00:00,131.3,0,107.4,0,131.4
2016-09-25 00:00:00,131.3,0,107.4,0,131.4
2016-09-26 00:00:00,131.3,0,107.3,0,131.4
2016-09-27 00:00:00,131.3,0,107.2,0,131.4
2016-09-28 00:00:00,131.3,0,106.9,0,131.4
2016-09-29 00:00:00,131.3,0,106.8,0,125.9
2016-09-30 00:00:00,131.3,0,106.7,0,125.9
2016-10-01 00:00:00,124.7,0,106.7,0,125.9
2016-10-02 00:00:00,124.7,0,106.7,0,125.9
2016-10-03 00:00:00,121.4,0,106.8,1,123.9
2016-10-04 00:00:00,121.3,0,107,0,121.9
2016-10-05 00:00:00,114.3,0,107.3,0,114.3
2016-10-06 00:00:00,113.7,0,107.7,0,113.9
2016-10-07 00:00:00,109.5,0,108.3,0,109.7
2016-10-08 00:00:00,109.5,0,108.3,0,109.5
2016-10-09 00:00:00,109.5,0,108.3,0,109.5
2016-10-10 00:00:00,109.5,0,108.7,0,109.5
2016-10-11 00:00:00,108.9,0,109.2,0,108.9
2016-10-12 00:00:00,106.9,0,109.5,0,107.9
2016-10-13 00:00:00,131.9,1,110,0,131.9
2016-10-14 00:00:00,131.3,0,110.4,0,131.9
2016-10-15 00:00:00,131.3,0,110.4,0,131.9
2016-10-16 00:00:00,131.3,0,110.4,0,131.3
2016-10-17 00:00:00,131.3,0,110.8,0,131.3
2016-10-18 00:00:00,127.7,0,111.1,0,129.9
2016-10-19 00:00:00,127.3,0,111.4,0,127.9
2016-10-20 00:00:00,121.9,0,111.6,0,125.9
2016-10-21 00:00:00,121.5,0,111.8,0,121.9
2016-10-22 00:00:00,120.9,0,111.8,0,121.3
2016-10-23 00:00:00,120.9,0,111.8,0,121.3
2016-10-24 00:00:00,120.9,0,111.9,0,121.9
2016-10-25 00:00:00,118.7,0,112.1,0,118.9
2016-10-26 00:00:00,117.5,0,112.3,0,118.9
2016-10-27 00:00:00,116.7,0,112.5,0,116.7
2016-10-28 00:00:00,116.5,0,112.6,0,136.9
2016-10-29 00:00:00,136.9,1,112.6,0,136.9
2016-10-30 00:00:00,136.9,1,112.6,0,136.9
2016-10-31 00:00:00,136.4,0,112.7,0,136.9
2016-11-01 00:00:00,136.4,0,112.6,0,136.4
2016-11-02 00:00:00,136.4,0,112.3,0,136.4
2016-11-03 00:00:00,131.9,0,112,0,136.4
2016-11-04 00:00:00,131.7,0,111.8,0,136.4
2016-11-05 00:00:00,131.7,0,111.8,0,136.4
2016-11-06 00:00:00,131.7,0,111.8,0,133.9
2016-11-07 00:00:00,131.5,0,110.8,0,133.9
2016-11-08 00:00:00,131.3,0,110.1,0,132.9
2016-11-09 00:00:00,130.9,0,108.7,0,131.9
2016-11-10 00:00:00,130.9,0,109.1,0,131.9
2016-11-11 00:00:00,130.9,0,108.4,0,131.9
2016-11-12 00:00:00,128.9,0,108.4,0,131.9
2016-11-13 00:00:00,128.9,0,108.4,0,131.9
2016-11-14 00:00:00,128.9,0,106.5,0,131.9
2016-11-15 00:00:00,124.7,0,106.3,0,126.9
2016-11-16 00:00:00,124.3,0,107.8,0,124.8
2016-11-17 00:00:00,119.7,0,106,0,120.9
2016-11-18 00:00:00,118.9,0,106,0,118.9
2016-11-19 00:00:00,117.9,0,106,0,118.9
2016-11-20 00:00:00,117.7,0,106,0,118.9
2016-11-21 00:00:00,117.5,0,106.1,0,118.9
2016-11-22 00:00:00,116.9,0,106.3,0,116.9
2016-11-23 00:00:00,115.7,0,106.7,0,116.9
2016-11-24 00:00:00,109.9,0,107.9,0,109.9
2016-11-25 00:00:00,136.9,1,108.6,0,136.9
2016-11-26 00:00:00,136.9,1,108.6,0,136.9
2016-11-27 00:00:00,136.9,1,108.6,0,136.9
2016-11-28 00:00:00,136.4,0,109.7,0,136.9
2016-11-29 00:00:00,112.9,0,110.3,0,112.9
2016-11-30 00:00:00,112.9,0,110.5,0,110.9
2016-12-01 00:00:00,110.9,0,110.3,0,110.9
2016-12-02 00:00:00,108.9,0,109.8,0,110.9
2016-12-03 00:00:00,133.9,1,109.8,0,133.9
2016-12-04 00:00:00,133.9,1,109.8,0,133.9
2016-12-05 00:00:00,133.9,1,109.6,0,133.9
2016-12-06 00:00:00,133.9,1,109.9,0,133.9
2016-12-07 00:00:00,133.9,1,111.1,0,133.9
2016-12-08 00:00:00,133.9,1,111.9,0,133.9
2016-12-09 00:00:00,133.9,1,113.1,0,133.9
2016-12-10 00:00:00,133.4,0,113.1,0,133.9
2016-12-11 00:00:00,133.4,0,113.1,0,133.9
2016-12-12 00:00:00,132.9,0,113.8,0,133.4
2016-12-13 00:00:00,131.4,0,114.2,0,131.9
2016-12-14 00:00:00,131.3,0,114.5,0,131.3
2016-12-15 00:00:00,131.3,0,114.7,0,131.3
2016-12-16 00:00:00,131.3,0,115,0,131.3
2016-12-17 00:00:00,130.9,0,115,0,131.3
2016-12-18 00:00:00,130.9,0,115,0,130.9
2016-12-19 00:00:00,130.9,0,115.4,0,130.9
2016-12-20 00:00:00,130.7,0,115.8,0,130.9
2016-12-21 00:00:00,130.7,0,116.2,0,130.9
2016-12-22 00:00:00,129.3,0,116.7,0,129.9
2016-12-23 00:00:00,129.3,0,116,0,129.3
2016-12-24 00:00:00,128.3,0,116,0,128.3
2016-12-25 00:00:00,128.3,0,116,0,128.3
2016-12-26 00:00:00,127.9,0,116.5,1,127.9
2016-12-27 00:00:00,127.9,0,116.5,1,127.9
2016-12-28 00:00:00,126.9,0,117,0,126.9
2016-12-29 00:00:00,126.9,0,117.5,0,126.9
2016-12-30 00:00:00,125.9,0,118.2,0,125.9
2016-12-31 00:00:00,123.9,0,118.2,0,123.9
2017-01-01 00:00:00,123.9,0,118.2,0,123.9
2017-01-02 00:00:00,123.9,0,118.3,1,123.9
2017-01-03 00:00:00,123.9,0,118.3,0,123.9
2017-01-04 00:00:00,123.7,0,118.6,0,123.9
2017-01-05 00:00:00,144.9,1,119.1,0,144.9
2017-01-06 00:00:00,144.9,1,119.4,0,144.9
2017-01-07 00:00:00,144.7,0,119.4,0,144.9
2017-01-08 00:00:00,144.7,0,119.4,0,144.9
2017-01-09 00:00:00,144.7,0,121.8,0,144.9
2017-01-10 00:00:00,141.9,0,121.6,0,144.9
2017-01-11 00:00:00,141.9,0,121.4,0,142.9
2017-01-12 00:00:00,141.7,0,121.1,0,141.7
2017-01-13 00:00:00,141.5,0,120.2,0,141.7
2017-01-14 00:00:00,141.3,0,120.2,0,141.5
2017-01-15 00:00:00,140.9,0,120.2,0,141.5
2017-01-16 00:00:00,140.9,0,119.4,0,141.5
2017-01-17 00:00:00,139.9,0,119,0,141.3
2017-01-18 00:00:00,137.5,0,118.7,0,138.5
2017-01-19 00:00:00,135.9,0,118.7,0,136.9
2017-01-20 00:00:00,133.7,0,118.8,0,134.7
2017-01-21 00:00:00,131.7,0,118.8,0,131.9
2017-01-22 00:00:00,130.7,0,118.8,0,131.9
2017-01-23 00:00:00,130.7,0,119,0,130.9
2017-01-24 00:00:00,128.7,0,118.7,0,128.9
2017-01-25 00:00:00,128.3,0,118.4,0,128.9
2017-01-26 00:00:00,127.5,0,118.2,1,127.9
2017-01-27 00:00:00,127.5,0,118.1,0,127.9
2017-01-28 00:00:00,127.3,0,118.1,0,127.9
2017-01-29 00:00:00,127.3,0,118.1,0,127.9
2017-01-30 00:00:00,127.3,0,117.8,0,127.9
2017-01-31 00:00:00,125.9,0,118,0,126.9
2017-02-01 00:00:00,120.7,0,118.4,0,120.9
2017-02-02 00:00:00,118.9,0,118.5,0,118.9
2017-02-03 00:00:00,118.7,0,118.7,0,118.9
2017-02-04 00:00:00,117.7,0,118.7,0,117.7
2017-02-05 00:00:00,116.7,0,118.7,0,116.7
2017-02-06 00:00:00,116.7,0,119,0,116.7
2017-02-07 00:00:00,115.4,0,119.1,0,115.7
2017-02-08 00:00:00,115.4,0,119.1,0,142.9
2017-02-09 00:00:00,115.4,0,119,0,115.4
2017-02-10 00:00:00,115.4,0,118.7,0,115.4
2017-02-11 00:00:00,115.4,0,118.7,0,115.4
2017-02-12 00:00:00,115.4,0,118.7,0,115.4
2017-02-13 00:00:00,115.4,0,118.6,0,115.4
2017-02-14 00:00:00,114.9,0,118.6,0,114.9
2017-02-15 00:00:00,114.9,0,118.7,0,114.9
2017-02-16 00:00:00,144.9,1,118.9,0,144.9
2017-02-17 00:00:00,144.9,1,119.2,0,144.9
2017-02-18 00:00:00,144.5,0,119.2,0,144.9
2017-02-19 00:00:00,144.5,0,119.2,0,144.9
2017-02-20 00:00:00,144.5,0,119.2,0,144.9
2017-02-21 00:00:00,144.5,0,118.8,0,144.9
2017-02-22 00:00:00,144.5,0,118.2,0,144.9
2017-02-23 00:00:00,140.9,0,117.8,0,143.4
2017-02-24 00:00:00,140.7,0,117.2,0,141.9
2017-02-25 00:00:00,140.3,0,117.2,0,140.9
2017-02-26 00:00:00,140.3,0,117.2,0,140.9
2017-02-27 00:00:00,140.3,0,116.6,0,140.5
2017-02-28 00:00:00,139.9,0,116.4,0,140.5
2017-03-01 00:00:00,136.3,0,116.3,0,136.4
2017-03-02 00:00:00,131.9,0,116.1,0,134.4
2017-03-03 00:00:00,130.3,0,116,0,130.4
2017-03-04 00:00:00,129.9,0,116,0,130.4
2017-03-05 00:00:00,129.9,0,116,0,130.4
2017-03-06 00:00:00,129.9,0,115.7,0,130.4
2017-03-07 00:00:00,121.9,0,115.4,0,130.4
2017-03-08 00:00:00,121.9,0,114.9,0,126.7
2017-03-09 00:00:00,121.9,0,114.6,0,126.7
2017-03-10 00:00:00,121.7,0,114.6,0,122.7
2017-03-11 00:00:00,119.7,0,114.6,0,119.7
2017-03-12 00:00:00,119.7,0,114.6,0,118.9
2017-03-13 00:00:00,116.7,0,114.7,0,116.7
2017-03-14 00:00:00,116.7,0,114.8,0,116.7
2017-03-15 00:00:00,116.7,0,114.8,0,116.7
2017-03-16 00:00:00,116.7,0,114.4,0,116.7
2017-03-17 00:00:00,116.7,0,113.5,0,116.7
2017-03-18 00:00:00,116.7,0,113.5,0,116.7
2017-03-19 00:00:00,116.7,0,113.5,0,116.7
2017-03-20 00:00:00,116.7,0,113,0,116.7
2017-03-21 00:00:00,115.9,0,112.3,0,115.9
2017-03-22 00:00:00,115.9,0,111.8,0,115.9
2017-03-23 00:00:00,115.9,0,111.6,0,115.9
2017-03-24 00:00:00,115.9,0,111.5,0,115.9
2017-03-25 00:00:00,114.9,0,111.5,0,114.9
2017-03-26 00:00:00,114.9,0,111.5,0,114.9
2017-03-27 00:00:00,114.9,0,111.5,0,114.9
2017-03-28 00:00:00,113.9,0,111.6,0,113.9
2017-03-29 00:00:00,112.4,0,111.7,0,112.9
2017-03-30 00:00:00,111.9,0,111.8,0,111.9
2017-03-31 00:00:00,111.9,0,112.1,0,111.9
2017-04-01 00:00:00,111.9,0,112.1,0,111.9
2017-04-02 00:00:00,111.9,0,112.1,0,111.9
2017-04-03 00:00:00,111.9,0,112.4,0,111.9
2017-04-04 00:00:00,111.9,0,112.8,0,111.9
2017-04-05 00:00:00,111.9,0,113.6,0,111.9
2017-04-06 00:00:00,111.9,0,114.3,0,111.9
2017-04-07 00:00:00,111.9,0,115.2,0,111.9
2017-04-08 00:00:00,111.9,0,115.2,0,111.9
2017-04-09 00:00:00,139.7,0,115.2,0,139.9
2017-04-10 00:00:00,139.7,0,115.7,0,139.9
2017-04-11 00:00:00,139.7,0,116.3,0,139.9
2017-04-12 00:00:00,139.7,0,117,0,139.9
2017-04-13 00:00:00,139.7,0,117.6,0,139.9
2017-04-14 00:00:00,139.3,0,117.8,1,139.9
2017-04-15 00:00:00,138.4,0,117.8,1,136.9
2017-04-16 00:00:00,138.4,0,117.8,1,134.5
2017-04-17 00:00:00,131.9,0,117.8,1,132.9
2017-04-18 00:00:00,131.9,0,117.8,0,131.9
2017-04-19 00:00:00,130.5,0,118.4,0,130.5
2017-04-20 00:00:00,130.3,0,118.4,0,130.5
2017-04-21 00:00:00,129.9,0,118.1,0,130.5
2017-04-22 00:00:00,129.9,0,118.1,0,130.5
2017-04-23 00:00:00,129.7,0,118.1,0,130.5
2017-04-24 00:00:00,129.7,0,117.8,0,130.5
2017-04-25 00:00:00,129.7,0,117.7,1,130.5
2017-04-26 00:00:00,129.7,0,117.7,0,130.5
2017-04-27 00:00:00,129.7,0,116.9,0,130.5
2017-04-28 00:00:00,128.7,0,116.3,0,130.5
2017-04-29 00:00:00,125.9,0,116.3,0,125.9
2017-04-30 00:00:00,123.7,0,116.3,0,123.7
2017-05-01 00:00:00,123.7,0,115.7,0,123.7
2017-05-02 00:00:00,121.9,0,115.2,0,121.9
2017-05-03 00:00:00,120.9,0,114.8,0,121.9
2017-05-04 00:00:00,119.9,0,114.4,0,118.7
2017-05-05 00:00:00,117.4,0,114,0,117.4
2017-05-06 00:00:00,139.9,1,114,0,139.9
2017-05-07 00:00:00,139.9,1,114,0,139.9
2017-05-08 00:00:00,139.9,1,113.6,0,139.9
2017-05-09 00:00:00,139.3,0,113,0,139.9
2017-05-10 00:00:00,138.5,0,112.6,0,139.9
2017-05-11 00:00:00,136.9,0,112.5,0,137.9
2017-05-12 00:00:00,133.9,0,112.5,0,137.9
2017-05-13 00:00:00,120.7,0,112.5,0,121.9
2017-05-14 00:00:00,120.7,0,112.5,0,121.9
2017-05-15 00:00:00,120.7,0,112.8,0,120.7
2017-05-16 00:00:00,120.5,0,113.4,0,120.7
2017-05-17 00:00:00,120.5,0,114,0,120.7
2017-05-18 00:00:00,118.3,0,114.9,0,118.5
2017-05-19 00:00:00,116.3,0,115,0,116.3
2017-05-20 00:00:00,116.3,0,115,0,116.3
2017-05-21 00:00:00,116.3,0,115,0,116.3
2017-05-22 00:00:00,116.3,0,115.1,0,116.3
2017-05-23 00:00:00,116.3,0,115.2,0,116.3
2017-05-24 00:00:00,115.9,0,115.5,0,115.9
2017-05-25 00:00:00,115.5,0,115.6,0,115.9
2017-05-26 00:00:00,114.5,0,115.8,0,114.5
2017-05-27 00:00:00,114.3,0,115.8,0,114.3
2017-05-28 00:00:00,114.3,0,115.8,0,114.3
2017-05-29 00:00:00,114.3,0,116.1,0,141.9
2017-05-30 00:00:00,141.9,1,116.1,0,114.3
2017-05-31 00:00:00,114.3,0,115.9,0,141.9
2017-06-01 00:00:00,141.9,1,115.7,0,141.9
2017-06-02 00:00:00,141.3,0,115.3,0,141.9
2017-06-03 00:00:00,140.7,0,115.3,0,141.9
2017-06-04 00:00:00,140.7,0,115.3,0,141.9
2017-06-05 00:00:00,140.7,0,115.1,0,141.9
2017-06-06 00:00:00,140.7,0,114.8,0,141.9
2017-06-07 00:00:00,139.7,0,114.4,0,141.9
2017-06-08 00:00:00,135.7,0,113.9,0,137.9
2017-06-09 00:00:00,135.3,0,113.5,0,137.9
2017-06-10 00:00:00,134.9,0,113.5,0,137.9
2017-06-11 00:00:00,134.9,0,113.5,0,137.9
2017-06-12 00:00:00,134.4,0,112.9,1,134.9
2017-06-13 00:00:00,133.9,0,112.2,0,134.9
2017-06-14 00:00:00,130.5,0,111.5,0,134.9
2017-06-15 00:00:00,129.5,0,111,0,129.9
2017-06-16 00:00:00,128.5,0,110.5,0,129.9
2017-06-17 00:00:00,127.9,0,110.5,0,129.4
2017-06-18 00:00:00,125.9,0,110.5,0,129.4
2017-06-19 00:00:00,124.6,0,109.9,0,129.4
2017-06-20 00:00:00,123.7,0,109.3,0,129.4
2017-06-21 00:00:00,122.5,0,108.7,0,129.4
2017-06-22 00:00:00,118.5,0,108.1,0,118.5
2017-06-23 00:00:00,115.3,0,107.6,0,115.3
2017-06-24 00:00:00,113.3,0,107.6,0,113.5
2017-06-25 00:00:00,109.9,0,107.6,0,109.9
2017-06-26 00:00:00,109.9,0,107.3,0,109.9
2017-06-27 00:00:00,109.4,0,107.2,0,109.4
2017-06-28 00:00:00,108.9,0,107.2,0,109.3
2017-06-29 00:00:00,108.3,0,107.2,0,108.3
2017-06-30 00:00:00,107.7,0,107.4,0,107.8
2017-07-01 00:00:00,106.9,0,107.4,0,106.9
2017-07-02 00:00:00,106.9,0,107.4,0,106.9
2017-07-03 00:00:00,106.4,0,107.7,0,106.9
2017-07-04 00:00:00,105.9,0,108,0,105.9
2017-07-05 00:00:00,104.9,0,108.1,0,105.9
2017-07-06 00:00:00,104.7,0,108.6,0,132.9
2017-07-07 00:00:00,131.7,0,108.9,0,131.9
2017-07-08 00:00:00,131.7,0,108.9,0,131.9
2017-07-09 00:00:00,131.3,0,108.9,0,131.9
2017-07-10 00:00:00,130.9,0,109.3,0,131.9
2017-07-11 00:00:00,130.7,0,109.6,0,131.9
2017-07-12 00:00:00,130.5,0,109.7,0,131.9
2017-07-13 00:00:00,130.5,0,109.6,0,130.9
2017-07-14 00:00:00,129.9,0,109.4,0,130.9
2017-07-15 00:00:00,125.9,0,109.4,0,130.9
2017-07-16 00:00:00,125.9,0,109.4,0,126.9
2017-07-17 00:00:00,125.7,0,109.2,0,126.9
2017-07-18 00:00:00,125.5,0,109,0,126.9
2017-07-19 00:00:00,121.5,0,108.9,0,121.5
2017-07-20 00:00:00,121.5,0,109,0,121.5
2017-07-21 00:00:00,121.3,0,108.9,0,121.5
2017-07-22 00:00:00,120.9,0,108.9,0,121.5
2017-07-23 00:00:00,120.9,0,108.9,0,121.5
2017-07-24 00:00:00,117.9,0,108.9,0,117.9
2017-07-25 00:00:00,115.7,0,109.3,0,115.9
2017-07-26 00:00:00,111.5,0,109.2,0,111.5
2017-07-27 00:00:00,110.9,0,109.2,0,111.5
2017-07-28 00:00:00,110.9,0,109.3,0,111.5
2017-07-29 00:00:00,110.4,0,109.3,0,111.5
2017-07-30 00:00:00,110.4,0,109.3,0,111.5
2017-07-31 00:00:00,110.4,0,109.3,0,111.5
2017-08-01 00:00:00,108.4,0,109.6,0,108.4
2017-08-02 00:00:00,108.4,0,109.8,0,108.4
2017-08-03 00:00:00,108.4,0,110.3,0,108.4
2017-08-04 00:00:00,107.4,0,111.2,0,107.4
2017-08-05 00:00:00,107.4,0,111.2,0,107.4
2017-08-06 00:00:00,107.4,0,111.2,0,107.4
2017-08-07 00:00:00,107.4,0,111.6,0,107.4
2017-08-08 00:00:00,106.9,0,112.1,0,134.9
2017-08-09 00:00:00,134.9,1,112.3,0,134.9
2017-08-10 00:00:00,134.9,0,112.6,0,134.9
2017-08-11 00:00:00,134.3,0,112.9,0,134.9
2017-08-12 00:00:00,134.3,0,112.9,0,134.9
2017-08-13 00:00:00,131.7,0,112.9,0,131.9
2017-08-14 00:00:00,128.9,0,113.2,0,129.9
2017-08-15 00:00:00,124.9,0,113.6,0,124.9
2017-08-16 00:00:00,124.9,0,113.9,0,124.9
2017-08-17 00:00:00,124.9,0,114.1,0,124.9
2017-08-18 00:00:00,124.7,0,114.1,0,124.9
2017-08-19 00:00:00,124.3,0,114.1,0,124.9
2017-08-20 00:00:00,124.3,0,114.1,0,124.9
2017-08-21 00:00:00,124.3,0,114,0,124.9
2017-08-22 00:00:00,123.5,0,113.7,0,124.9
2017-08-23 00:00:00,123.5,0,113.8,0,123.7
2017-08-24 00:00:00,123.3,0,113.8,0,123.7
2017-08-25 00:00:00,122.3,0,113.8,0,123.2
2017-08-26 00:00:00,118.7,0,113.8,0,118.7
2017-08-27 00:00:00,116.5,0,113.8,0,116.7
2017-08-28 00:00:00,116.5,0,113.8,0,116.5
2017-08-29 00:00:00,114.7,0,114,0,114.7
2017-08-30 00:00:00,114.5,0,114.1,0,114.7
2017-08-31 00:00:00,112.9,0,114.2,0,112.9
2017-09-01 00:00:00,112.4,0,114.2,0,112.4
2017-09-02 00:00:00,141.9,1,114.2,0,142.9
2017-09-03 00:00:00,141.9,0,114.2,0,142.9
2017-09-04 00:00:00,141.7,0,114.6,0,142.9
2017-09-05 00:00:00,141.7,0,115.1,0,142.9
2017-09-06 00:00:00,141.5,0,115.3,0,142.9
2017-09-07 00:00:00,140.9,0,115.6,0,142.9
2017-09-08 00:00:00,140.7,0,116,0,141.9
2017-09-09 00:00:00,139.9,0,116,0,140.9
2017-09-10 00:00:00,135.7,0,116,0,135.9
2017-09-11 00:00:00,134.7,0,116.2,0,135.9
2017-09-12 00:00:00,131.9,0,116.2,0,131.9
2017-09-13 00:00:00,131.5,0,116.2,0,131.9
2017-09-14 00:00:00,127.9,0,116.1,0,127.9
2017-09-15 00:00:00,127.9,0,116,0,125.9
2017-09-16 00:00:00,123.9,0,116,0,123.9
2017-09-17 00:00:00,123.7,0,116,0,125.7
2017-09-18 00:00:00,123.5,0,116,0,123.9
2017-09-19 00:00:00,123.5,0,116.1,0,123.9
2017-09-20 00:00:00,117.5,0,116.3,0,119.5
2017-09-21 00:00:00,116.5,0,116.5,0,116.5
2017-09-22 00:00:00,115.9,0,116.5,0,115.9
2017-09-23 00:00:00,114.9,0,116.5,0,114.9
2017-09-24 00:00:00,114.7,0,116.5,0,114.9
2017-09-25 00:00:00,114.7,0,116.5,0,114.7
2017-09-26 00:00:00,113.9,0,116.3,0,113.9
2017-09-27 00:00:00,113.9,0,116.2,0,113.9
2017-09-28 00:00:00,113.9,0,116.2,0,113.9
2017-09-29 00:00:00,142.9,1,116.4,0,113.9
2017-09-30 00:00:00,142.9,1,116.4,0,114.9
2017-10-01 00:00:00,142.9,1,116.4,0,114.9
2017-10-02 00:00:00,122.9,0,116.7,1,114.9
2017-10-03 00:00:00,142.9,1,117.2,0,142.9
2017-10-04 00:00:00,137.7,0,117.4,0,142.9
2017-10-05 00:00:00,137.7,0,117.2,0,142.9
2017-10-06 00:00:00,137.3,0,116.7,0,142.9
2017-10-07 00:00:00,135.9,0,116.7,0,138.5
2017-10-08 00:00:00,135.7,0,116.7,0,138.5
2017-10-09 00:00:00,134.7,0,116.4,0,136.7
2017-10-10 00:00:00,132.7,0,116.3,0,134.7
2017-10-11 00:00:00,128.9,0,116.2,0,134.7
2017-10-12 00:00:00,126.9,0,116.3,0,124.9
2017-10-13 00:00:00,122.9,0,116.6,0,122.9
2017-10-14 00:00:00,120.9,0,116.6,0,119.9
2017-10-15 00:00:00,119.5,0,116.6,0,119.9
2017-10-16 00:00:00,119.5,0,116.6,0,119.9
2017-10-17 00:00:00,119.5,0,116.6,0,119.9
2017-10-18 00:00:00,118.3,0,116.7,0,118.5
2017-10-19 00:00:00,117.5,0,117,0,118.5
2017-10-20 00:00:00,144.9,1,117.2,0,144.9
2017-10-21 00:00:00,144.9,1,117.2,0,144.9
2017-10-22 00:00:00,140.9,0,117.2,0,144.9
2017-10-23 00:00:00,140.9,0,117.3,0,144.9
2017-10-24 00:00:00,140.9,0,117.3,0,144.9
2017-10-25 00:00:00,140.7,0,117.3,0,144.9
2017-10-26 00:00:00,140.5,0,117.1,0,143.9
2017-10-27 00:00:00,140.3,0,117,0,141.9
2017-10-28 00:00:00,140.3,0,117,0,141.9
2017-10-29 00:00:00,139.9,0,117,0,141.9
2017-10-30 00:00:00,139.9,0,117.3,0,141.9
2017-10-31 00:00:00,137.7,0,117.9,0,141.9
2017-11-01 00:00:00,137.7,0,118.6,0,141.9
2017-11-02 00:00:00,137.7,0,119.4,0,141.9
2017-11-03 00:00:00,137.5,0,120.3,0,141.9
2017-11-04 00:00:00,137.3,0,120.3,0,141.9
2017-11-05 00:00:00,136.5,0,120.3,0,141.7
2017-11-06 00:00:00,136.5,0,121,0,141.7
2017-11-07 00:00:00,136.5,0,121.3,0,138.9
2017-11-08 00:00:00,136.5,0,121.6,0,136.9
2017-11-09 00:00:00,129.9,0,122.4,0,136.9
2017-11-10 00:00:00,127.9,0,123,0,135.7
2017-11-11 00:00:00,128.7,0,123,0,133.7
2017-11-12 00:00:00,149.9,1,123,0,149.9
2017-11-13 00:00:00,149.3,0,123.6,0,149.9
2017-11-14 00:00:00,149.3,0,124.2,0,147.3
2017-11-15 00:00:00,149.3,0,124.7,0,147.3
2017-11-16 00:00:00,147.9,0,124.8,0,145.1
2017-11-17 00:00:00,145.7,0,124.6,0,145.1
2017-11-18 00:00:00,145.1,0,124.6,0,144.9
2017-11-19 00:00:00,145.1,0,124.6,0,144.9
2017-11-20 00:00:00,145.7,0,124.5,0,144.9
2017-11-21 00:00:00,145.3,0,124.1,0,144.9
2017-11-22 00:00:00,145.1,0,123.9,0,144.5
2017-11-23 00:00:00,144.3,0,123.8,0,144.5
2017-11-24 00:00:00,144.7,0,124,0,143.9
2017-11-25 00:00:00,144.7,0,124,0,143.9
2017-11-26 00:00:00,144.7,0,124,0,143.9
2017-11-27 00:00:00,144.5,0,124.3,0,143.9
2017-11-28 00:00:00,134.7,0,124.5,0,143.9
2017-11-29 00:00:00,142.5,0,124.7,0,141.7
2017-11-30 00:00:00,142.3,0,124.8,0,141.5
2017-12-01 00:00:00,140.7,0,124.8,0,139.7
2017-12-02 00:00:00,138.2,0,124.8,0,137.7
2017-12-03 00:00:00,138.1,0,124.8,0,137.7
2017-12-04 00:00:00,135.7,0,124.8,0,137.7
2017-12-05 00:00:00,132.5,0,124.9,0,131.9
2017-12-06 00:00:00,132.5,0,124.9,0,131.9
2017-12-07 00:00:00,149.9,1,124.7,0,149.9
2017-12-08 00:00:00,149.9,1,124.4,0,149.9
2017-12-09 00:00:00,149.9,1,124.4,0,149.9
2017-12-10 00:00:00,149.9,1,124.4,0,149.9
2017-12-11 00:00:00,148.7,0,124.2,0,149.9
2017-12-12 00:00:00,148.7,0,123.9,0,148.7
2017-12-13 00:00:00,148.7,0,123.9,0,148.7
2017-12-14 00:00:00,148.7,0,124.4,0,148.5
2017-12-15 00:00:00,148.7,0,124.7,0,148.5
2017-12-16 00:00:00,148.3,0,124.7,0,147.9
2017-12-17 00:00:00,148.3,0,124.7,0,147.9
2017-12-18 00:00:00,148.3,0,124.8,0,147.9
2017-12-19 00:00:00,148.1,0,124.7,0,147.3
2017-12-20 00:00:00,135.7,0,124.4,0,146.9
2017-12-21 00:00:00,144.7,0,123.7,0,145.5
2017-12-22 00:00:00,145.3,0,123.3,0,144.5
2017-12-23 00:00:00,144.3,0,123.3,0,143.5
2017-12-24 00:00:00,144.3,0,123.3,0,143.5
2017-12-25 00:00:00,142.7,0,123.2,1,143.5
2017-12-26 00:00:00,140.5,0,123.2,1,143.5
2017-12-27 00:00:00,140.5,0,123.2,0,139.9
2017-12-28 00:00:00,140.5,0,123,0,139.9
2017-12-29 00:00:00,138.7,0,123.1,0,138.9
2017-12-30 00:00:00,136.7,0,123.1,0,138.9
2017-12-31 00:00:00,136.5,0,123.1,0,135.7
2018-01-01 00:00:00,136.5,0,123.2,1,135.7
2018-01-02 00:00:00,136.5,0,123.2,0,135.7
2018-01-03 00:00:00,135.5,0,123.4,0,134.7
2018-01-04 00:00:00,135.3,0,123.5,0,134.5
2018-01-05 00:00:00,134.5,0,123.3,0,133.7
2018-01-06 00:00:00,149.9,1,123.3,0,149.9
2018-01-07 00:00:00,149.7,0,123.3,0,149.9
2018-01-08 00:00:00,149.7,0,122.9,0,149.9
2018-01-09 00:00:00,149.7,0,122.7,0,149.5
2018-01-10 00:00:00,148.7,0,122.6,0,148.5
2018-01-11 00:00:00,147.9,0,122.6,0,148.5
2018-01-12 00:00:00,144.5,0,122.9,0,144.5
2018-01-13 00:00:00,144.5,0,122.9,0,143.7
2018-01-14 00:00:00,143.5,0,122.9,0,142.7
2018-01-15 00:00:00,143.5,0,123.3,0,142.7
2018-01-16 00:00:00,142.7,0,123.6,0,142.5
2018-01-17 00:00:00,142.7,0,123.8,0,142.3
2018-01-18 00:00:00,142.7,0,124,0,142.3
2018-01-19 00:00:00,142.5,0,123.9,0,141.9
2018-01-20 00:00:00,142.5,0,123.9,0,141.7
2018-01-21 00:00:00,142.5,0,123.9,0,141.7
2018-01-22 00:00:00,142.5,0,123.7,0,141.7
2018-01-23 00:00:00,139.7,0,123.5,0,139.7
2018-01-24 00:00:00,132.7,0,123.4,0,135.7
2018-01-25 00:00:00,132.5,0,123.4,0,132.7
2018-01-26 00:00:00,131.7,0,123.4,1,130.9
2018-01-27 00:00:00,131.3,0,123.4,0,130.9
2018-01-28 00:00:00,131.3,0,123.4,0,130.5
2018-01-29 00:00:00,131.3,0,123.4,0,130.5
2018-01-30 00:00:00,130.7,0,123.8,0,130.3
2018-01-31 00:00:00,129.7,0,124,0,129.3
2018-02-01 00:00:00,129.1,0,124.1,0,128.7
2018-02-02 00:00:00,128.5,0,124.1,0,127.9
2018-02-03 00:00:00,125.5,0,124.1,0,127.7
2018-02-04 00:00:00,123.3,0,124.1,0,127.7
2018-02-05 00:00:00,121.3,0,124.3,0,125.7
2018-02-06 00:00:00,121.3,0,125.3,0,121.3
2018-02-07 00:00:00,119.1,0,125.4,0,121.3
2018-02-08 00:00:00,119.1,0,125.6,0,121.3
2018-02-09 00:00:00,119.1,0,125.7,0,121.3
2018-02-10 00:00:00,119.1,0,125.7,0,121.3
2018-02-11 00:00:00,119.1,0,125.7,0,121.3
2018-02-12 00:00:00,119.1,0,125.4,0,121.3
2018-02-13 00:00:00,119.1,0,124.8,0,121.3
2018-02-14 00:00:00,119.1,0,124.2,0,121.3
2018-02-15 00:00:00,149.9,1,123.4,0,121.3
2018-02-16 00:00:00,149.9,1,122.5,0,149.9
2018-02-17 00:00:00,143.7,0,122.5,0,145.7
2018-02-18 00:00:00,139.5,0,122.5,0,145.7
2018-02-19 00:00:00,135.5,0,121.8,0,143.5
2018-02-20 00:00:00,143.5,0,121.2,0,143.5
2018-02-21 00:00:00,139.5,0,120.8,0,143.5
2018-02-22 00:00:00,133.5,0,121,0,135.5
2018-02-23 00:00:00,127.5,0,121.2,0,129.5
2018-02-24 00:00:00,119.9,0,121.2,0,125.5
2018-02-25 00:00:00,119.5,0,121.2,0,125.5
2018-02-26 00:00:00,119.5,0,121.5,0,125.5
2018-02-27 00:00:00,118.9,0,121.9,0,125.5
2018-02-28 00:00:00,118.9,0,122.3,0,125.5
2018-03-01 00:00:00,125.5,0,122.7,0,125.5
2018-03-02 00:00:00,121.3,0,123.4,0,123.3
2018-03-03 00:00:00,118.9,0,123.4,0,123.3
2018-03-04 00:00:00,118.9,0,123.4,0,123.3
2018-03-05 00:00:00,118.9,0,123.6,0,123.3
2018-03-06 00:00:00,118.9,0,123.8,0,123.3
2018-03-07 00:00:00,118.9,0,123.8,0,123.3
2018-03-08 00:00:00,118.9,0,123.7,0,123.3
2018-03-09 00:00:00,118.9,0,123.6,0,123.3
2018-03-10 00:00:00,118.9,0,123.6,0,122.9
2018-03-11 00:00:00,149.9,1,123.6,0,149.9
2018-03-12 00:00:00,149.9,1,123.3,0,149.9
2018-03-13 00:00:00,149.9,1,122.9,0,149.9
2018-03-14 00:00:00,145.9,0,122.7,0,149.9
2018-03-15 00:00:00,143.7,0,122.4,0,145.9
2018-03-16 00:00:00,139.7,0,122.2,0,141.7
2018-03-17 00:00:00,131.7,0,122.2,0,133.7
2018-03-18 00:00:00,129.7,0,122.2,0,131.7
2018-03-19 00:00:00,126.7,0,122,0,129.7
2018-03-20 00:00:00,124.7,0,122.1,0,124.7
2018-03-21 00:00:00,122.7,0,122.5,0,124.7
2018-03-22 00:00:00,122.7,0,123.1,0,124.7
2018-03-23 00:00:00,122.7,0,123.7,0,124.7
2018-03-24 00:00:00,122.7,0,123.7,0,124.7
2018-03-25 00:00:00,122.7,0,123.7,0,124.7
2018-03-26 00:00:00,122.7,0,124.9,0,124.7
2018-03-27 00:00:00,122.7,0,126,0,124.7
2018-03-28 00:00:00,122.7,0,126.9,0,124.7
2018-03-29 00:00:00,122.7,0,127.6,0,123.9
2018-03-30 00:00:00,122.7,0,128,1,123.9
2018-03-31 00:00:00,122.7,0,128,1,123.9
2018-04-01 00:00:00,122.7,0,128,1,123.9
2018-04-02 00:00:00,122.7,0,128,1,123.9
2018-04-03 00:00:00,122.7,0,128,0,123.9
2018-04-04 00:00:00,122.7,0,128.6,0,123.9
2018-04-05 00:00:00,122.7,0,128.6,0,123.9
2018-04-06 00:00:00,122.7,0,128.4,0,152.9
2018-04-07 00:00:00,151.9,1,128.4,0,152.9
2018-04-08 00:00:00,151.9,1,128.4,0,152.9
2018-04-09 00:00:00,151.9,1,128.1,0,152.9
2018-04-10 00:00:00,143.9,0,127.8,0,149.9
2018-04-11 00:00:00,139.9,0,127.5,0,145.9
2018-04-12 00:00:00,137.9,0,127.4,0,143.9
2018-04-13 00:00:00,135.9,0,127.5,0,143.9
2018-04-14 00:00:00,131.7,0,127.5,0,138.9
2018-04-15 00:00:00,129.7,0,127.5,0,138.9
2018-04-16 00:00:00,128.7,0,127.9,0,138.9
2018-04-17 00:00:00,128.7,0,128.2,0,136.9
2018-04-18 00:00:00,128.7,0,128.6,0,136.9
2018-04-19 00:00:00,128.7,0,128.7,0,136.9
2018-04-20 00:00:00,128.7,0,128.8,0,136.9
2018-04-21 00:00:00,128.7,0,128.8,0,136.9
2018-04-22 00:00:00,128.7,0,128.8,0,136.9
2018-04-23 00:00:00,128.7,0,128.8,0,136.9
2018-04-24 00:00:00,128.7,0,128.9,0,134.9
2018-04-25 00:00:00,128.7,0,129,1,134.9
2018-04-26 00:00:00,156.9,1,129,0,156.9
2018-04-27 00:00:00,156.9,1,130.5,0,156.9
2018-04-28 00:00:00,156.9,1,130.5,0,156.9
2018-04-29 00:00:00,151.9,0,130.5,0,156.9
2018-04-30 00:00:00,151.9,0,131.4,0,156.9
2018-05-01 00:00:00,149.9,0,132.1,0,151.9
2018-05-02 00:00:00,147.9,0,132.5,0,151.9
2018-05-03 00:00:00,147.9,0,132.7,0,148.9
2018-05-04 00:00:00,144.9,0,132.8,0,147.9
2018-05-05 00:00:00,143.9,0,132.8,0,145.9
2018-05-06 00:00:00,142.9,0,132.8,0,145.9
2018-05-07 00:00:00,142.9,0,132.8,0,145.9
2018-05-08 00:00:00,141.9,0,132.6,0,144.9
2018-05-09 00:00:00,140.9,0,132.5,0,142.9
2018-05-10 00:00:00,139.9,0,132.5,0,142.9
2018-05-11 00:00:00,138.9,0,132.9,0,140.9
2018-05-12 00:00:00,138.9,0,132.9,0,139.9
2018-05-13 00:00:00,138.9,0,132.9,0,139.9
2018-05-14 00:00:00,138.9,0,133.4,0,139.9
2018-05-15 00:00:00,138.9,0,134.6,0,139.9
2018-05-16 00:00:00,138.9,0,135.2,0,138.9
2018-05-17 00:00:00,137.9,0,136.2,0,138.9
2018-05-18 00:00:00,137.9,0,136.6,0,137.9
2018-05-19 00:00:00,158.9,1,136.6,0,137.9
2018-05-20 00:00:00,158.9,1,136.6,0,159.9
2018-05-21 00:00:00,158.9,1,137.3,0,159.9
2018-05-22 00:00:00,158.9,1,137.8,0,159.9
2018-05-23 00:00:00,155.9,0,138.9,0,158.9
2018-05-24 00:00:00,154.9,0,139.6,0,156.9
2018-05-25 00:00:00,152.9,0,140,0,155.9
2018-05-26 00:00:00,152.9,0,140,0,155.9
2018-05-27 00:00:00,151.9,0,140,0,154.9
2018-05-28 00:00:00,150.9,0,140.1,0,153.9
2018-05-29 00:00:00,149.9,0,139.7,0,152.9
2018-05-30 00:00:00,149.9,0,138.9,0,152.9
2018-05-31 00:00:00,147.9,0,138.4,0,150.9
2018-06-01 00:00:00,147.9,0,137.8,0,148.9
2018-06-02 00:00:00,147.9,0,137.8,0,148.9
2018-06-03 00:00:00,145.9,0,137.8,0,147.9
2018-06-04 00:00:00,145.9,0,137,0,147.9
2018-06-05 00:00:00,144.9,0,136.4,0,147.9
2018-06-06 00:00:00,142.9,0,136.2,0,145.9
2018-06-07 00:00:00,142.9,0,135.8,0,144.9
2018-06-08 00:00:00,142.9,0,135.3,0,144.9
2018-06-09 00:00:00,141.9,0,135.3,0,143.9
2018-06-10 00:00:00,137.9,0,135.3,0,140.9
2018-06-11 00:00:00,134.9,0,134.7,1,137.9
2018-06-12 00:00:00,133.9,0,134.4,0,135.9
2018-06-13 00:00:00,131.9,0,133.7,0,133.9
2018-06-14 00:00:00,131.9,0,133.4,0,133.9
2018-06-15 00:00:00,131.9,0,133.2,0,133.9
2018-06-16 00:00:00,131.9,0,133.2,0,133.9
2018-06-17 00:00:00,131.9,0,133.2,0,133.9
2018-06-18 00:00:00,159.9,1,133.3,0,159.9
2018-06-19 00:00:00,159.9,1,133.5,0,159.9
2018-06-20 00:00:00,159.9,1,133.2,0,159.9
2018-06-21 00:00:00,154.9,0,132.9,0,157.9
2018-06-22 00:00:00,152.9,0,132.7,0,154.9
2018-06-23 00:00:00,151.9,0,132.7,0,153.9
2018-06-24 00:00:00,151.9,0,132.7,0,153.9
2018-06-25 00:00:00,147.9,0,132.3,0,153.9
2018-06-26 00:00:00,146.9,0,131.9,0,148.9
2018-06-27 00:00:00,144.9,0,131.8,0,146.9
2018-06-28 00:00:00,143.9,0,131.8,0,145.9
2018-06-29 00:00:00,141.9,0,131.8,0,144.9
2018-06-30 00:00:00,140.9,0,131.8,0,142.9
2018-07-01 00:00:00,139.9,0,131.8,0,141.9
2018-07-02 00:00:00,139.9,0,132.2,0,141.9
2018-07-03 00:00:00,137.9,0,132.6,0,140.9
2018-07-04 00:00:00,136.9,0,133.4,0,138.9
2018-07-05 00:00:00,135.9,0,133.8,0,137.9
2018-07-06 00:00:00,135.9,0,134.2,0,137.4
2018-07-07 00:00:00,134.9,0,134.2,0,136.9
2018-07-08 00:00:00,132.9,0,134.2,0,133.9
2018-07-09 00:00:00,132.9,0,134.3,0,133.9
2018-07-10 00:00:00,132.9,0,134.3,0,133.9
2018-07-11 00:00:00,131.9,0,134.2,0,133.9
2018-07-12 00:00:00,131.9,0,134.2,0,133.9
2018-07-13 00:00:00,129.9,0,134.3,0,133.9
2018-07-14 00:00:00,159.4,1,134.3,0,159.4
2018-07-15 00:00:00,156.9,0,134.3,0,159.4
2018-07-16 00:00:00,155.9,0,134.2,0,159.4
2018-07-17 00:00:00,153.9,0,133.9,0,155.9
2018-07-18 00:00:00,151.9,0,133.7,0,154.9
2018-07-19 00:00:00,149.9,0,133.1,0,153.9
2018-07-20 00:00:00,147.9,0,132.5,0,149.9
2018-07-21 00:00:00,145.9,0,132.5,0,147.9
2018-07-22 00:00:00,143.9,0,132.5,0,147.9
2018-07-23 00:00:00,141.9,0,131.7,0,145.9
2018-07-24 00:00:00,140.9,0,131.6,0,144.9
2018-07-25 00:00:00,137.9,0,131.6,0,141.4
2018-07-26 00:00:00,139.9,0,132,0,139.9
2018-07-27 00:00:00,138.9,0,132.7,0,138.9
2018-07-28 00:00:00,134.9,0,132.7,0,137.9
2018-07-29 00:00:00,134.9,0,132.7,0,137.4
2018-07-30 00:00:00,133.9,0,133.5,0,136.9
2018-07-31 00:00:00,133.9,0,134.3,0,136.9
2018-08-01 00:00:00,132.9,0,135,0,135.9
2018-08-02 00:00:00,131.9,0,135.4,0,134.9
2018-08-03 00:00:00,131.9,0,135.5,0,134.9
2018-08-04 00:00:00,131.9,0,135.5,0,159.4
2018-08-05 00:00:00,159.4,1,135.5,0,159.4
2018-08-06 00:00:00,159.4,1,135.2,0,159.4
2018-08-07 00:00:00,159.4,1,134.9,0,159.4
2018-08-08 00:00:00,159.4,1,134.6,0,159.4
2018-08-09 00:00:00,153.9,0,134.4,0,157.9
2018-08-10 00:00:00,151.9,0,134.6,0,155.9
2018-08-11 00:00:00,151.9,0,134.6,0,154.9
2018-08-12 00:00:00,150.9,0,134.6,0,153.9
2018-08-13 00:00:00,149.9,0,134.8,0,152.9
2018-08-14 00:00:00,147.9,0,135.1,0,150.9
2018-08-15 00:00:00,145.9,0,135.4,0,149.9
2018-08-16 00:00:00,144.9,0,135.6,0,147.9
2018-08-17 00:00:00,142.9,0,136.1,0,145.9
2018-08-18 00:00:00,141.9,0,136.1,0,144.9
2018-08-19 00:00:00,141.9,0,136.1,0,144.9
2018-08-20 00:00:00,140.9,0,136.5,0,144.9
2018-08-21 00:00:00,140.9,0,136.8,0,140.9
2018-08-22 00:00:00,136.9,0,136.7,0,140.9
2018-08-23 00:00:00,136.9,0,136.5,0,139.9
2018-08-24 00:00:00,136.9,0,135.9,0,138.9
2018-08-25 00:00:00,135.9,0,135.9,0,138.9
2018-08-26 00:00:00,135.9,0,135.9,0,138.9
2018-08-27 00:00:00,135.9,0,135.6,0,159.9
2018-08-28 00:00:00,159.9,1,135.9,0,159.9
2018-08-29 00:00:00,159.9,1,136.4,0,159.9
2018-08-30 00:00:00,159.4,0,137,0,159.4
2018-08-31 00:00:00,159.4,0,137.4,0,159.4
2018-09-01 00:00:00,157.9,0,137.4,0,158.9
2018-09-02 00:00:00,157.9,0,137.4,0,158.9
2018-09-03 00:00:00,157.9,0,137.9,0,158.9
2018-09-04 00:00:00,157.9,0,138.3,0,158.9
2018-09-05 00:00:00,157.9,0,138.9,0,158.9
2018-09-06 00:00:00,157.9,0,139.6,0,158.9
2018-09-07 00:00:00,157.9,0,140.4,0,158.9
2018-09-08 00:00:00,153.9,0,140.4,0,156.9
2018-09-09 00:00:00,153.9,0,140.4,0,156.9
2018-09-10 00:00:00,153.9,0,140.9,0,156.9
2018-09-11 00:00:00,152.9,0,141.1,0,156.9
2018-09-12 00:00:00,152.9,0,141.1,0,156.9
2018-09-13 00:00:00,149.9,0,141.1,0,155.9
2018-09-14 00:00:00,149.9,0,141.3,0,154.9
2018-09-15 00:00:00,149.9,0,141.3,0,154.9
2018-09-16 00:00:00,149.9,0,141.3,0,154.9
2018-09-17 00:00:00,149.9,0,141.6,0,154.9
2018-09-18 00:00:00,149.9,0,142,0,154.9
2018-09-19 00:00:00,145.9,0,142.3,0,150.9
2018-09-20 00:00:00,145.9,0,142.3,0,147.9
2018-09-21 00:00:00,167.9,1,142.2,0,147.9
2018-09-22 00:00:00,167.9,1,142.2,0,167.9
2018-09-23 00:00:00,167.9,1,142.2,0,167.9
2018-09-24 00:00:00,167.9,1,142.1,0,167.9
2018-09-25 00:00:00,167.4,0,142.1,0,167.9
2018-09-26 00:00:00,167.4,0,142.1,0,167.9
2018-09-27 00:00:00,163.9,0,142.2,0,166.9
2018-09-28 00:00:00,161.9,0,142.5,0,166.9
2018-09-29 00:00:00,161.9,0,142.5,0,165.9
2018-09-30 00:00:00,160.9,0,142.5,0,165.9
2018-10-01 00:00:00,159.9,0,142.8,1,165.9
2018-10-02 00:00:00,158.9,0,143.1,0,163.9
2018-10-03 00:00:00,157.9,0,143.6,0,163.9
2018-10-04 00:00:00,157.9,0,144.2,0,163.9
2018-10-05 00:00:00,153.9,0,144.9,0,159.9
2018-10-06 00:00:00,152.9,0,144.9,0,158.9
2018-10-07 00:00:00,149.9,0,144.9,0,155.9
2018-10-08 00:00:00,149.9,0,145.6,0,155.9
2018-10-09 00:00:00,147.9,0,146.4,0,155.9
2018-10-10 00:00:00,147.9,0,146.9,0,155.9
2018-10-11 00:00:00,147.9,0,147.2,0,155.9
2018-10-12 00:00:00,147.9,0,147.3,0,155.9
2018-10-13 00:00:00,147.9,0,147.3,0,155.9
2018-10-14 00:00:00,171.9,1,147.3,0,171.9
2018-10-15 00:00:00,171.9,1,147,0,171.9
2018-10-16 00:00:00,169.9,0,146.4,0,171.9
2018-10-17 00:00:00,169.9,0,145.7,0,171.9
2018-10-18 00:00:00,167.9,0,144.3,0,171.9
2018-10-19 00:00:00,165.9,0,143.5,0,169.9
2018-10-20 00:00:00,165.9,0,143.5,0,169.9
2018-10-21 00:00:00,160.9,0,143.5,0,166.9
2018-10-22 00:00:00,157.9,0,142.6,0,164.9
2018-10-23 00:00:00,157.9,0,141.2,0,164.9
2018-10-24 00:00:00,157.9,0,140.3,0,161.9
2018-10-25 00:00:00,157.9,0,139.8,0,161.9
2018-10-26 00:00:00,157.9,0,139,0,159.9
2018-10-27 00:00:00,155.9,0,139,0,158.9
2018-10-28 00:00:00,151.9,0,139,0,158.9
2018-10-29 00:00:00,151.9,0,137.9,0,155.9
2018-10-30 00:00:00,149.9,0,137.1,0,154.9
2018-10-31 00:00:00,147.9,0,136.5,0,154.9
2018-11-01 00:00:00,147.9,0,136.1,0,154.9
2018-11-02 00:00:00,147.9,0,135.6,0,154.9
2018-11-03 00:00:00,146.9,0,135.6,0,154.9
2018-11-04 00:00:00,145.9,0,135.6,0,154.9
2018-11-05 00:00:00,145.9,0,135.3,0,154.9
2018-11-06 00:00:00,145.9,0,134.5,0,154.9
2018-11-07 00:00:00,145.9,0,133.3,0,154.9
2018-11-08 00:00:00,142.9,0,132.1,0,154.9
2018-11-09 00:00:00,141.9,0,130.6,0,154.9
2018-11-10 00:00:00,140.9,0,130.6,0,154.9
2018-11-11 00:00:00,135.9,0,130.6,0,154.9
2018-11-12 00:00:00,131.9,0,129,0,154.9
2018-11-13 00:00:00,131.9,0,127.6,0,154.9
2018-11-14 00:00:00,130.9,0,126.7,0,154.9
2018-11-15 00:00:00,129.9,0,126,0,154.9
2018-11-16 00:00:00,129.9,0,125.1,0,154.9
2018-11-17 00:00:00,129.9,0,125.1,0,154.9
2018-11-18 00:00:00,129.9,0,125.1,0,154.9
2018-11-19 00:00:00,128.9,0,124.2,0,154.9
2018-11-20 00:00:00,127.9,0,123.6,0,154.9
2018-11-21 00:00:00,126.9,0,122.9,0,154.9
2018-11-22 00:00:00,125.9,0,122.4,0,154.9
2018-11-23 00:00:00,124.9,0,122.2,0,154.9
2018-11-24 00:00:00,124.5,0,122.2,0,154.9
2018-11-25 00:00:00,123.9,0,122.2,0,154.9
2018-11-26 00:00:00,123.9,0,121.8,0,154.9
2018-11-27 00:00:00,123.5,0,121.2,0,154.9
2018-11-28 00:00:00,122.9,0,120.1,0,154.9
2018-11-29 00:00:00,122.9,0,118.7,0,154.9
2018-11-30 00:00:00,122.9,0,117.7,0,154.9
2018-12-01 00:00:00,122.9,0,117.7,0,154.9
2018-12-02 00:00:00,122.9,0,117.7,0,154.9
2018-12-03 00:00:00,122.9,0,116.1,0,154.9
2018-12-04 00:00:00,120.9,0,115.3,0,154.9
2018-12-05 00:00:00,151.9,1,114.7,0,154.9
2018-12-06 00:00:00,149.9,0,114.7,0,154.9
2018-12-07 00:00:00,149.9,0,114.8,0,154.9
2018-12-08 00:00:00,148.9,0,114.8,0,154.9
2018-12-09 00:00:00,148.9,0,114.8,0,154.9
2018-12-10 00:00:00,148.9,0,115.1,0,154.9
2018-12-11 00:00:00,148.9,0,115.1,0,154.9
2018-12-12 00:00:00,144.9,0,115.5,0,154.9
2018-12-13 00:00:00,138.9,0,115.6,0,154.9
2018-12-14 00:00:00,136.7,0,115.7,0,154.9
2018-12-15 00:00:00,130.3,0,115.7,0,154.9
2018-12-16 00:00:00,128.3,0,115.7,0,154.9
2018-12-17 00:00:00,127.9,0,115.7,0,154.9
2018-12-18 00:00:00,126.9,0,115.8,0,154.9
2018-12-19 00:00:00,124.9,0,116.1,0,154.9
2018-12-20 00:00:00,120.3,0,116.2,0,154.9
2018-12-21 00:00:00,118.3,0,115.9,0,154.9
2018-12-22 00:00:00,117.9,0,115.9,0,154.9
2018-12-23 00:00:00,117.9,0,115.9,0,154.9
2018-12-24 00:00:00,117.9,0,115.6,0,154.9
2018-12-25 00:00:00,117.9,0,115.1,1,154.9
2018-12-26 00:00:00,117.9,0,114.7,1,154.9
2018-12-27 00:00:00,117.9,0,114.7,0,154.9
2018-12-28 00:00:00,116.5,0,113.2,0,154.9
2018-12-29 00:00:00,116.3,0,113.2,0,154.9
2018-12-30 00:00:00,115.5,0,113.2,0,154.9
2018-12-31 00:00:00,115.5,0,112,0,154.9
2019-01-01 00:00:00,114.9,0,112.1,1,154.9
2019-01-02 00:00:00,113.9,0,112,0,154.9
2019-01-03 00:00:00,113.7,0,112.1,0,154.9
2019-01-04 00:00:00,112.9,0,112.2,0,154.9
2019-01-05 00:00:00,112.9,0,112.2,0,154.9
2019-01-06 00:00:00,112.7,0,112.2,0,154.9
2019-01-07 00:00:00,112.5,0,113,0,154.9
2019-01-08 00:00:00,111.9,0,113.7,0,154.9
2019-01-09 00:00:00,111.9,0,114.9,0,154.9
2019-01-10 00:00:00,111.9,0,115.1,0,154.9
2019-01-11 00:00:00,111.9,0,116.4,0,154.9
2019-01-12 00:00:00,111.9,0,116.4,0,154.9
2019-01-13 00:00:00,111.9,0,116.4,0,154.9
2019-01-14 00:00:00,111.9,0,116.7,0,154.9
2019-01-15 00:00:00,111.9,0,117.1,0,154.9
2019-01-16 00:00:00,111.9,0,117,0,154.9
2019-01-17 00:00:00,111.9,0,116.9,0,154.9
2019-01-18 00:00:00,111.9,0,117,0,154.9
2019-01-19 00:00:00,111.9,0,117,0,154.9
2019-01-20 00:00:00,111.9,0,117,0,154.9
2019-01-21 00:00:00,111.9,0,117.1,0,154.9
2019-01-22 00:00:00,111.9,0,117,0,154.9
2019-01-23 00:00:00,141.9,1,117.2,0,154.9
2019-01-24 00:00:00,139.9,0,117.5,0,154.9
2019-01-25 00:00:00,138.9,0,117.6,0,154.9
2019-01-26 00:00:00,137.9,0,117.6,0,154.9
2019-01-27 00:00:00,137.9,0,117.6,0,154.9
2019-01-28 00:00:00,137.5,0,117.5,1,154.9
2019-01-29 00:00:00,136.5,0,117.4,0,154.9
2019-01-30 00:00:00,135.9,0,116.9,0,154.9
2019-01-31 00:00:00,133.9,0,116.2,0,154.9
2019-02-01 00:00:00,131.9,0,115.7,0,154.9
2019-02-02 00:00:00,131.9,0,115.7,0,154.9
2019-02-03 00:00:00,131.9,0,115.7,0,154.9
2019-02-04 00:00:00,127.9,0,115.7,0,154.9
2019-02-05 00:00:00,127.9,0,115.5,0,154.9
2019-02-06 00:00:00,124.9,0,116,0,154.9
2019-02-07 00:00:00,124.9,0,116.4,0,154.9
2019-02-08 00:00:00,121.9,0,117,0,154.9
2019-02-09 00:00:00,121.9,0,117,0,154.9
2019-02-10 00:00:00,121.9,0,117,0,154.9
2019-02-11 00:00:00,120.5,0,117.7,0,154.9
2019-02-12 00:00:00,119.5,0,118.5,0,154.9
2019-02-13 00:00:00,119.5,0,118.7,0,154.9
2019-02-14 00:00:00,119.5,0,119,0,154.9
2019-02-15 00:00:00,119.5,0,119.2,0,154.9
2019-02-16 00:00:00,117.9,0,119.2,0,154.9
2019-02-17 00:00:00,117.9,0,119.2,0,154.9
2019-02-18 00:00:00,117.9,0,119.6,0,154.9
2019-02-19 00:00:00,117.9,0,119.9,0,154.9
2019-02-20 00:00:00,117.9,0,120.8,0,154.9
2019-02-21 00:00:00,142.5,1,121.5,0,154.9
2019-02-22 00:00:00,137.7,0,121.6,0,154.9
2019-02-23 00:00:00,135.5,0,121.6,0,154.9
2019-02-24 00:00:00,135.5,0,121.6,0,154.9
2019-02-25 00:00:00,132.5,0,122.9,0,154.9
2019-02-26 00:00:00,130.3,0,123.4,0,154.9
2019-02-27 00:00:00,128.3,0,123.7,0,154.9
2019-02-28 00:00:00,124.3,0,123.6,0,154.9
2019-03-01 00:00:00,124.3,0,123.9,0,154.9
2019-03-02 00:00:00,124.3,0,123.9,0,154.9
2019-03-03 00:00:00,124.3,0,123.9,0,154.9
2019-03-04 00:00:00,124.3,0,124,0,154.9
2019-03-05 00:00:00,123.9,0,124,0,154.9
2019-03-06 00:00:00,123.9,0,124.1,0,154.9
2019-03-07 00:00:00,123.9,0,124.4,0,154.9
2019-03-08 00:00:00,123.5,0,124.6,0,154.9
2019-03-09 00:00:00,123.5,0,124.6,0,154.9
2019-03-10 00:00:00,123.5,0,124.6,0,154.9
2019-03-11 00:00:00,123.5,0,125.6,0,154.9
2019-03-12 00:00:00,123.5,0,126,0,154.9
2019-03-13 00:00:00,123.5,0,126.8,0,154.9
2019-03-14 00:00:00,123.5,0,128,0,154.9
2019-03-15 00:00:00,123.5,0,128.2,0,154.9
2019-03-16 00:00:00,123.5,0,128.2,0,154.9
2019-03-17 00:00:00,151.9,1,128.2,0,154.9
2019-03-18 00:00:00,151.9,1,129.6,0,154.9
2019-03-19 00:00:00,151.9,1,130,0,154.9
2019-03-20 00:00:00,151.9,1,130.2,0,154.9
2019-03-21 00:00:00,151.9,1,130.7,0,154.9
2019-03-22 00:00:00,151.9,1,131.1,0,154.9
2019-03-23 00:00:00,148.9,0,131.1,0,154.9
2019-03-24 00:00:00,148.9,0,131.1,0,154.9
2019-03-25 00:00:00,148.9,0,131.2,0,154.9
2019-03-26 00:00:00,148.9,0,131.3,0,154.9
2019-03-27 00:00:00,148.9,0,131.4,0,154.9
2019-03-28 00:00:00,148.9,0,131.4,0,154.9
2019-03-29 00:00:00,148.9,0,131.6,0,154.9
2019-03-30 00:00:00,144.7,0,131.6,0,154.9
2019-03-31 00:00:00,141.7,0,131.6,0,154.9
2019-04-01 00:00:00,141.7,0,131.6,0,154.9
2019-04-02 00:00:00,141.5,0,131.6,0,154.9
2019-04-03 00:00:00,141.5,0,131.6,0,154.9
2019-04-04 00:00:00,141.5,0,131.9,0,154.9
2019-04-05 00:00:00,141.5,0,132.1,0,154.9
2019-04-06 00:00:00,141.5,0,132.1,0,154.9
2019-04-07 00:00:00,141.5,0,132.1,0,154.9
2019-04-08 00:00:00,141.5,0,132.3,0,154.9
2019-04-09 00:00:00,141.5,0,132.4,0,154.9
2019-04-10 00:00:00,141.5,0,132.5,0,154.9
2019-04-11 00:00:00,141.5,0,132.7,0,154.9
2019-04-12 00:00:00,141.5,0,133.9,0,154.9
2019-04-13 00:00:00,141.5,0,133.9,0,154.9
2019-04-14 00:00:00,141.5,0,133.9,0,154.9
2019-04-15 00:00:00,141.5,0,134.5,0,154.9
2019-04-16 00:00:00,141.5,0,135.4,0,154.9
2019-04-17 00:00:00,141.5,0,135.7,0,154.9
2019-04-18 00:00:00,141.5,0,136.4,0,154.9
2019-04-19 00:00:00,141.5,0,136.5,1,154.9
2019-04-20 00:00:00,154.9,1,136.5,1,154.9
2019-04-21 00:00:00,154.9,1,136.5,1,154.9
2019-04-22 00:00:00,154.9,1,136.6,1,154.9
2019-04-23 00:00:00,154.9,1,136.4,0,154.9
2019-04-24 00:00:00,154.9,1,136.5,0,154.9
2019-04-25 00:00:00,154.9,1,136.6,1,154.9
2019-04-26 00:00:00,154.9,1,136.8,0,154.9
2019-04-27 00:00:00,147.7,0,136.8,0,154.9
2019-04-28 00:00:00,147.7,0,136.8,0,154.9
2019-04-29 00:00:00,147.7,0,138.1,0,154.9
2019-04-30 00:00:00,147.7,0,138.2,0,154.9
2019-05-01 00:00:00,147.7,0,138.1,0,154.9
2019-05-02 00:00:00,147.7,0,137.9,0,154.9
2019-05-03 00:00:00,145.9,0,137.8,0,154.9
2019-05-04 00:00:00,143.9,0,137.8,0,154.9
2019-05-05 00:00:00,143.9,0,137.8,0,154.9
2019-05-06 00:00:00,143.9,0,137.3,0,154.9
2019-05-07 00:00:00,143.9,0,136.3,0,154.9
2019-05-08 00:00:00,143.9,0,135.5,0,154.9
2019-05-09 00:00:00,143.9,0,134.7,0,154.9
2019-05-10 00:00:00,143.9,0,134.2,0,154.9
2019-05-11 00:00:00,143.9,0,134.2,0,154.9
2019-05-12 00:00:00,143.9,0,134.2,0,154.9
2019-05-13 00:00:00,143.9,0,133.5,0,154.9
2019-05-14 00:00:00,143.9,0,132.7,0,154.9
2019-05-15 00:00:00,167.9,1,132.7,0,154.9
2019-05-16 00:00:00,161.9,0,132.8,0,154.9
2019-05-17 00:00:00,161.9,0,133.1,0,154.9
2019-05-18 00:00:00,141.4,0,133.1,0,154.9
2019-05-19 00:00:00,141.4,0,133.1,0,154.9
2019-05-20 00:00:00,141.4,0,133.6,0,154.9
2019-05-21 00:00:00,141.4,0,135,0,154.9
2019-05-22 00:00:00,141.4,0,135.5,0,154.9
2019-05-23 00:00:00,141.4,0,135.9,0,154.9
2019-05-24 00:00:00,141.4,0,136.2,0,154.9
2019-05-25 00:00:00,141.4,0,136.2,0,154.9
2019-05-26 00:00:00,139.9,0,136.2,0,154.9
2019-05-27 00:00:00,139.9,0,136.1,0,154.9
2019-05-28 00:00:00,139.9,0,135.2,0,154.9
2019-05-29 00:00:00,139.9,0,134.7,0,154.9
2019-05-30 00:00:00,133.7,0,134,0,154.9
2019-05-31 00:00:00,133.7,0,133.1,0,154.9
2019-06-01 00:00:00,133.7,0,133.1,0,154.9
2019-06-02 00:00:00,133.7,0,133.1,0,154.9
2019-06-03 00:00:00,131.7,0,131.1,0,154.9
2019-06-04 00:00:00,131.7,0,130.2,0,154.9
2019-06-05 00:00:00,131.7,0,128.5,0,154.9
2019-06-06 00:00:00,131.7,0,125.5,0,154.9
2019-06-07 00:00:00,131.7,0,126.5,0,154.9
2019-06-08 00:00:00,131.7,0,126.5,0,154.9
2019-06-09 00:00:00,131.7,0,126.5,0,154.9
2019-06-10 00:00:00,131.7,0,123,1,154.9
2019-06-11 00:00:00,131.7,0,122.8,0,154.9
2019-06-12 00:00:00,165.9,1,122.4,0,154.9
2019-06-13 00:00:00,165.9,1,122.6,0,154.9
2019-06-14 00:00:00,165.9,1,122.8,0,154.9
2019-06-15 00:00:00,165.9,1,122.8,0,154.9
2019-06-16 00:00:00,165.9,1,122.8,0,154.9
2019-06-17 00:00:00,165.9,1,123.2,0,154.9
2019-06-18 00:00:00,165.9,1,123.3,0,154.9
2019-06-19 00:00:00,162.9,0,123.2,0,154.9
2019-06-20 00:00:00,155.7,0,123.1,0,154.9
2019-06-21 00:00:00,152.9,0,123.1,0,154.9
2019-06-22 00:00:00,152.9,0,123.1,0,154.9
2019-06-23 00:00:00,149.5,0,123.1,0,154.9
2019-06-24 00:00:00,142.9,0,123.4,0,154.9
2019-06-25 00:00:00,140.5,0,124,0,154.9
2019-06-26 00:00:00,138.5,0,124.7,0,154.9
2019-06-27 00:00:00,138.5,0,125.3,0,154.9
2019-06-28 00:00:00,136.5,0,125.9,0,154.9
2019-06-29 00:00:00,136.5,0,125.9,0,154.9
2019-06-30 00:00:00,134.5,0,125.9,0,154.9
2019-07-01 00:00:00,132.5,0,127.4,0,154.9
2019-07-02 00:00:00,129.9,0,127.5,0,154.9
2019-07-03 00:00:00,126.5,0,127.7,0,154.9
2019-07-04 00:00:00,125.5,0,127.9,0,154.9
2019-07-05 00:00:00,125.5,0,127.9,0,154.9
2019-07-06 00:00:00,125.5,0,127.9,0,154.9
2019-07-07 00:00:00,125.5,0,127.9,0,154.9
2019-07-08 00:00:00,125.5,0,128.1,0,154.9
2019-07-09 00:00:00,125.5,0,128.3,0,154.9
2019-07-10 00:00:00,125.5,0,128.4,0,154.9
2019-07-11 00:00:00,125.5,0,128.6,0,154.9
2019-07-12 00:00:00,125.5,0,130.1,0,154.9
2019-07-13 00:00:00,125.5,0,130.1,0,154.9
2019-07-14 00:00:00,125.5,0,130.1,0,154.9
2019-07-15 00:00:00,125.5,0,130.5,0,154.9
2019-07-16 00:00:00,160.9,1,131.4,0,154.9
2019-07-17 00:00:00,160.9,1,132.4,0,154.9
2019-07-18 00:00:00,156.9,0,132.8,0,154.9
2019-07-19 00:00:00,155.9,0,132.9,0,154.9
2019-07-20 00:00:00,151.7,0,132.9,0,154.9
2019-07-21 00:00:00,151.7,0,132.9,0,154.9
2019-07-22 00:00:00,143.9,0,132.7,0,154.9
2019-07-23 00:00:00,143.9,0,132.2,0,154.9
2019-07-24 00:00:00,143.9,0,130.9,0,154.9
2019-07-25 00:00:00,139.1,0,130.7,0,154.9
2019-07-26 00:00:00,138.9,0,129.5,0,154.9
2019-07-27 00:00:00,136.5,0,129.5,0,154.9
2019-07-28 00:00:00,136.5,0,129.5,0,154.9
2019-07-29 00:00:00,136.5,0,128.7,0,154.9
2019-07-30 00:00:00,133.9,0,128.7,0,154.9
2019-07-31 00:00:00,132.7,0,128.6,0,154.9
2019-08-01 00:00:00,132.7,0,128.8,0,154.9
2019-08-02 00:00:00,131.7,0,129.1,0,154.9
2019-08-03 00:00:00,130.7,0,129.1,0,154.9
2019-08-04 00:00:00,130.7,0,129.1,0,154.9
2019-08-05 00:00:00,128.7,0,129.5,0,154.9
2019-08-06 00:00:00,128.7,0,129.8,0,154.9
2019-08-07 00:00:00,128.7,0,129.8,0,154.9
2019-08-08 00:00:00,128.7,0,129.7,0,154.9
2019-08-09 00:00:00,128.7,0,129.3,0,154.9
2019-08-10 00:00:00,128.7,0,129.3,0,154.9
2019-08-11 00:00:00,128.7,0,129.3,0,154.9
2019-08-12 00:00:00,128.7,0,129.2,0,154.9
2019-08-13 00:00:00,164.9,1,129.1,0,154.9
2019-08-14 00:00:00,162.9,0,128.8,0,154.9
2019-08-15 00:00:00,160.9,0,128.8,0,154.9
2019-08-16 00:00:00,157.9,0,129.1,0,154.9
2019-08-17 00:00:00,155.9,0,129.1,0,154.9
2019-08-18 00:00:00,155.9,0,129.1,0,154.9
2019-08-19 00:00:00,152.9,0,129.3,0,154.9
2019-08-20 00:00:00,147.9,0,129.3,0,154.9
2019-08-21 00:00:00,146.9,0,129.4,0,154.9
2019-08-22 00:00:00,144.9,0,129.3,0,154.9
2019-08-23 00:00:00,144.9,0,129.3,0,154.9
2019-08-24 00:00:00,143.7,0,129.3,0,154.9
2019-08-25 00:00:00,143.7,0,129.3,0,154.9
2019-08-26 00:00:00,143.7,0,129.3,0,154.9
2019-08-27 00:00:00,140.9,0,129.3,0,154.9
2019-08-28 00:00:00,138.9,0,129.3,0,154.9
2019-08-29 00:00:00,133.9,0,129.2,0,154.9
2019-08-30 00:00:00,133.9,0,129.1,0,154.9
2019-08-31 00:00:00,132.7,0,129.1,0,154.9
2019-09-01 00:00:00,132.7,0,129.1,0,154.9
2019-09-02 00:00:00,131.7,0,129.1,0,154.9
2019-09-03 00:00:00,131.7,0,129.2,0,154.9
2019-09-04 00:00:00,131.7,0,129.2,0,154.9
2019-09-05 00:00:00,131.7,0,128.5,0,154.9
2019-09-06 00:00:00,131.7,0,128.5,0,154.9
2019-09-07 00:00:00,131.7,0,128.5,0,154.9
2019-09-08 00:00:00,131.7,0,128.5,0,154.9
2019-09-09 00:00:00,131.7,0,127.8,0,154.9
2019-09-10 00:00:00,163.9,1,127.6,0,154.9
2019-09-11 00:00:00,163.9,1,127.7,0,154.9
2019-09-12 00:00:00,162.7,0,128.5,0,154.9
2019-09-13 00:00:00,161.7,0,129.8,0,154.9
2019-09-14 00:00:00,160.5,0,129.8,0,154.9
2019-09-15 00:00:00,154.9,0,129.8,0,154.9
2019-09-16 00:00:00,154.3,0,130.9,0,154.9
2019-09-17 00:00:00,153.9,0,131,0,154.9
2019-09-18 00:00:00,151.3,0,132.1,0,154.9
2019-09-19 00:00:00,150.9,0,134.1,0,154.9
2019-09-20 00:00:00,148.7,0,136.1,0,154.9
2019-09-21 00:00:00,145.9,0,136.1,0,154.9
2019-09-22 00:00:00,145.9,0,136.1,0,154.9
2019-09-23 00:00:00,143.5,0,138.3,0,154.9
2019-09-24 00:00:00,141.7,0,138.9,0,154.9
2019-09-25 00:00:00,141.7,0,140,0,154.9
2019-09-26 00:00:00,138.7,0,139.6,0,154.9
2019-09-27 00:00:00,137.7,0,139.6,0,154.9
2019-09-28 00:00:00,137.7,0,139.6,0,154.9
2019-09-29 00:00:00,137.7,0,139.6,0,154.9
2019-09-30 00:00:00,137.7,0,138.8,0,154.9
2019-10-01 00:00:00,137.7,0,137.1,0,154.9
2019-10-02 00:00:00,171.9,1,135.7,0,154.9
2019-10-03 00:00:00,169.5,0,134.6,0,154.9
2019-10-04 00:00:00,169.5,0,133.4,0,154.9
2019-10-05 00:00:00,169.5,0,133.4,0,154.9
2019-10-06 00:00:00,161.7,0,133.4,0,154.9
2019-10-07 00:00:00,159.9,0,133.1,1,154.9
2019-10-08 00:00:00,159.7,0,133.6,0,154.9
2019-10-09 00:00:00,159.5,0,133.8,0,154.9
2019-10-10 00:00:00,159.5,0,134.9,0,154.9
2019-10-11 00:00:00,159.5,0,135.4,0,154.9
2019-10-12 00:00:00,159.5,0,135.4,0,154.9
2019-10-13 00:00:00,159.5,0,135.4,0,154.9
2019-10-14 00:00:00,159.5,0,136.3,0,154.9
2019-10-15 00:00:00,147.9,0,136.9,0,154.9
2019-10-16 00:00:00,141.9,0,137,0,154.9
2019-10-17 00:00:00,140.9,0,136.9,0,154.9
2019-10-18 00:00:00,140.9,0,136.6,0,154.9
2019-10-19 00:00:00,135.7,0,136.6,0,154.9
2019-10-20 00:00:00,135.7,0,136.6,0,154.9
2019-10-21 00:00:00,135.7,0,136.4,0,154.9
2019-10-22 00:00:00,173.9,1,136,0,154.9
2019-10-23 00:00:00,173.9,1,135.1,0,154.9
2019-10-24 00:00:00,173.9,1,134.6,0,154.9
2019-10-25 00:00:00,173.9,1,133.5,0,154.9
2019-10-26 00:00:00,173.9,1,133.5,0,154.9
2019-10-27 00:00:00,168.9,0,133.5,0,154.9
2019-10-28 00:00:00,167.9,0,132.6,0,154.9
2019-10-29 00:00:00,164.7,0,132.1,0,154.9
2019-10-30 00:00:00,164.7,0,131.8,0,154.9
2019-10-31 00:00:00,160.7,0,131.5,0,154.9
2019-11-01 00:00:00,155.9,0,131.3,0,154.9
2019-11-02 00:00:00,151.9,0,131.3,0,154.9
2019-11-03 00:00:00,150.7,0,131.3,0,154.9
2019-11-04 00:00:00,149.7,0,130.8,0,154.9
2019-11-05 00:00:00,147.7,0,129.8,0,154.9
2019-11-06 00:00:00,144.9,0,130,0,154.9
2019-11-07 00:00:00,142.9,0,130.4,0,154.9
2019-11-08 00:00:00,140.9,0,131.2,0,154.9
2019-11-09 00:00:00,139.9,0,131.2,0,154.9
2019-11-10 00:00:00,139.9,0,131.2,0,154.9
2019-11-11 00:00:00,139.9,0,132.4,0,154.9
2019-11-12 00:00:00,136.9,0,134.3,0,154.9
2019-11-13 00:00:00,134.9,0,135.4,0,154.9
2019-11-14 00:00:00,134.9,0,136.3,0,154.9
2019-11-15 00:00:00,134.9,0,136.7,0,154.9
2019-11-16 00:00:00,134.9,0,136.7,0,154.9
2019-11-17 00:00:00,134.9,0,136.7,0,154.9
2019-11-18 00:00:00,134.9,0,137.2,0,154.9
2019-11-19 00:00:00,134.9,0,137.3,0,154.9
2019-11-20 00:00:00,134.9,0,137.1,0,154.9
2019-11-21 00:00:00,134.9,0,136.9,0,154.9
2019-11-22 00:00:00,134.9,0,136.4,0,154.9
2019-11-23 00:00:00,169.9,1,136.4,0,154.9
2019-11-24 00:00:00,169.9,1,136.4,0,154.9
2019-11-25 00:00:00,163.7,0,136,0,154.9
2019-11-26 00:00:00,163.7,0,135.9,0,154.9
2019-11-27 00:00:00,159.9,0,135.8,0,154.9
2019-11-28 00:00:00,159.9,0,135.9,0,154.9
2019-11-29 00:00:00,151.9,0,135.9,0,154.9
2019-11-30 00:00:00,150.9,0,135.9,0,154.9
2019-12-01 00:00:00,148.9,0,135.9,0,154.9
2019-12-02 00:00:00,148.9,0,135.9,0,154.9
2019-12-03 00:00:00,139.9,0,136,0,154.9
2019-12-04 00:00:00,138.9,0,136,0,154.9
2019-12-05 00:00:00,136.9,0,135.4,0,154.9
2019-12-06 00:00:00,135.9,0,135.1,0,154.9
2019-12-07 00:00:00,135.7,0,135.1,0,154.9
2019-12-08 00:00:00,135.7,0,135.1,0,154.9
2019-12-09 00:00:00,135.7,0,134.8,0,154.9
2019-12-10 00:00:00,135.7,0,134.6,0,154.9
2019-12-11 00:00:00,135.7,0,134.6,0,154.9
2019-12-12 00:00:00,171.9,0,134.7,0,154.9
2019-12-13 00:00:00,171.9,0,134.9,0,154.9
2019-12-14 00:00:00,171.9,0,134.9,0,154.9
2019-12-15 00:00:00,171.9,0,134.9,0,154.9
2019-12-16 00:00:00,171.9,0,134.7,0,154.9
2019-12-17 00:00:00,164.9,0,134.2,0,154.9
2019-12-18 00:00:00,164.9,0,133.7,0,154.9
2019-12-19 00:00:00,164.9,0,133.2,0,154.9
2019-12-20 00:00:00,158.7,0,132.9,0,154.9
2019-12-21 00:00:00,155.9,0,132.9,0,154.9
2019-12-22 00:00:00,155.5,0,132.9,0,154.9
2019-12-23 00:00:00,153.9,0,133.2,0,154.9
2019-12-24 00:00:00,150.9,0,133.2,0,154.9
2019-12-25 00:00:00,148.9,0,133.5,1,154.9
2019-12-26 00:00:00,144.9,0,133.6,1,154.9
2019-12-27 00:00:00,143.5,0,133.8,0,154.9
2019-12-28 00:00:00,141.9,0,133.8,0,154.9
2019-12-29 00:00:00,140.9,0,133.8,0,154.9
2019-12-30 00:00:00,139.9,0,135.1,0,154.9
2019-12-31 00:00:00,138.7,0,136,0,154.9
